GAME_ID,CURRENT_ROUND,TEAM1,TEAM1_SEED,TEAM2,TEAM2_SEED,RF_PROB_TEAM1,RF_PICK,XGB_PROB_TEAM1,XGB_PICK,NN_PROB_TEAM1,NN_PICK,KADJ_EM_PICK,BARTHAG_PICK,TR_RATING_PICK,ML_AVG_PROB_TEAM1,ML_AVG_PICK
2026_1,64,Duke,1,Siena,16,0.9698902254668108,Duke,0.98602366,Duke,0.9910554639967053,Duke,Duke,Duke,Duke,0.9823231179793345,Duke
2026_2,64,Ohio St.,8,TCU,9,0.4987523165210005,TCU,0.46519858,TCU,0.5034602260916703,Ohio St.,Ohio St.,Ohio St.,Ohio St.,0.4891370396876729,TCU
2026_3,64,St. John's,5,Northern Iowa,12,0.8705946529551977,St. John's,0.8910169,St. John's,0.8778690039724024,St. John's,St. John's,St. John's,St. John's,0.8798268524889994,St. John's
2026_4,64,Kansas,4,Cal Baptist,13,0.916833527822891,Kansas,0.95833,Kansas,0.8609549032274709,Kansas,Kansas,Kansas,Kansas,0.9120394688851242,Kansas
2026_5,64,Louisville,6,South Florida,11,0.5866742856939545,Louisville,0.3912248,South Florida,0.5133513984131004,Louisville,Louisville,Louisville,Louisville,0.4970834952158099,South Florida
2026_6,64,Michigan St.,3,North Dakota St.,14,0.8798375943115863,Michigan St.,0.89917284,Michigan St.,0.7937973032417752,Michigan St.,Michigan St.,Michigan St.,Michigan St.,0.8576025800186519,Michigan St.
2026_7,64,UCLA,7,UCF,10,0.6191618210536136,UCLA,0.75465053,UCLA,0.6318844331164254,UCLA,UCLA,UCLA,UCLA,0.668565595789783,UCLA
2026_8,64,Connecticut,2,Furman,15,0.9758447143575487,Connecticut,0.9894037,Connecticut,0.985745183358282,Connecticut,Connecticut,Connecticut,Connecticut,0.9836645407954135,Connecticut
2026_9,64,Florida,1,Lehigh,16,0.9049788154806159,Florida,0.9550397,Florida,0.9927191543656696,Florida,Florida,Florida,Florida,0.9509125499501351,Florida
2026_10,64,Florida,1,Prairie View A&M,16,0.8903680338383384,Florida,0.914436,Florida,0.9925742762246832,Florida,Florida,Florida,Florida,0.9324594309223947,Florida
2026_11,64,Clemson,8,Iowa,9,0.41134144888387636,Iowa,0.32836917,Iowa,0.4961825028075107,Iowa,Iowa,Iowa,Iowa,0.4119643740395698,Iowa
2026_12,64,Vanderbilt,5,McNeese St.,12,0.7979723602480139,Vanderbilt,0.66228086,Vanderbilt,0.6868104128144111,Vanderbilt,Vanderbilt,Vanderbilt,Vanderbilt,0.7156878768751479,Vanderbilt
2026_13,64,Nebraska,4,Troy,13,0.9203755337444359,Nebraska,0.95155865,Nebraska,0.8811275259891129,Nebraska,Nebraska,Nebraska,Nebraska,0.9176872364244989,Nebraska
2026_14,64,North Carolina,6,VCU,11,0.5738599913624928,North Carolina,0.47853962,VCU,0.5345326448998434,North Carolina,North Carolina,North Carolina,North Carolina,0.528977417377286,North Carolina
2026_15,64,Illinois,3,Penn,14,0.8832169758607482,Illinois,0.9101782,Illinois,0.8841507467655599,Illinois,Illinois,Illinois,Illinois,0.8925153023785285,Illinois
2026_16,64,Saint Mary's,7,Texas A&M,10,0.6079554679468346,Saint Mary's,0.65864885,Saint Mary's,0.5705755086925942,Saint Mary's,Saint Mary's,Saint Mary's,Saint Mary's,0.6123932750576864,Saint Mary's
2026_17,64,Houston,2,Idaho,15,0.9705033076189513,Houston,0.9885744,Houston,0.9921484524318425,Houston,Houston,Houston,Houston,0.9837420485645998,Houston
2026_18,64,Arizona,1,LIU Brooklyn,16,0.960432561839134,Arizona,0.9694579,Arizona,0.9922297867760386,Arizona,Arizona,Arizona,Arizona,0.9740400909937232,Arizona
2026_19,64,Villanova,8,Utah St.,9,0.4298727473207503,Utah St.,0.43001065,Utah St.,0.5552649902194932,Villanova,Utah St.,Utah St.,Utah St.,0.47171612804063107,Utah St.
2026_20,64,Wisconsin,5,High Point,12,0.7996057888587427,Wisconsin,0.78683513,Wisconsin,0.6585433019242742,Wisconsin,Wisconsin,Wisconsin,Wisconsin,0.7483280749374684,Wisconsin
2026_21,64,Arkansas,4,Hawaii,13,0.8229710876024159,Arkansas,0.85620326,Arkansas,0.9690930991200092,Arkansas,Arkansas,Arkansas,Arkansas,0.8827558149199973,Arkansas
2026_22,64,BYU,6,North Carolina St.,11,0.6178691348062031,BYU,0.55205667,BYU,0.6216289299716344,BYU,BYU,BYU,BYU,0.5971849116555804,BYU
2026_23,64,BYU,6,Texas,11,0.6627704062430949,BYU,0.6763456,BYU,0.6590738507234917,BYU,BYU,BYU,BYU,0.6660632812477733,BYU
2026_24,64,Gonzaga,3,Kennesaw St.,14,0.9376763023608203,Gonzaga,0.970355,Gonzaga,0.9377201547013219,Gonzaga,Gonzaga,Gonzaga,Gonzaga,0.9485838104440031,Gonzaga
2026_25,64,Miami FL,7,Missouri,10,0.6216054929144043,Miami FL,0.7540418,Miami FL,0.6136924379166057,Miami FL,Miami FL,Miami FL,Miami FL,0.663113240597743,Miami FL
2026_26,64,Purdue,2,Queens,15,0.9668458147009054,Purdue,0.9740888,Purdue,0.9674651190236023,Purdue,Purdue,Purdue,Purdue,0.969466573919013,Purdue
2026_27,64,Michigan,1,Howard,16,0.9233529758741009,Michigan,0.9456351,Michigan,0.9864255294722105,Michigan,Michigan,Michigan,Michigan,0.9518045285612787,Michigan
2026_28,64,Michigan,1,UMBC,16,0.9407862711566135,Michigan,0.9697375,Michigan,0.9924535598679968,Michigan,Michigan,Michigan,Michigan,0.9676591202597496,Michigan
2026_29,64,Georgia,8,Saint Louis,9,0.6085731140787265,Georgia,0.64508665,Georgia,0.7774279914386228,Georgia,Georgia,Georgia,Georgia,0.6770292505324554,Georgia
2026_30,64,Texas Tech,5,Akron,12,0.830331864518575,Texas Tech,0.88828075,Texas Tech,0.726826173474614,Texas Tech,Texas Tech,Texas Tech,Texas Tech,0.8151462624380578,Texas Tech
2026_31,64,Alabama,4,Hofstra,13,0.8764008802291827,Alabama,0.9012365,Alabama,0.9116450034207758,Alabama,Alabama,Alabama,Alabama,0.896427452721322,Alabama
2026_32,64,Tennessee,6,SMU,11,0.7627662347795674,Tennessee,0.82274824,Tennessee,0.713818552373806,Tennessee,Tennessee,Tennessee,Tennessee,0.7664443436540399,Tennessee
2026_33,64,Tennessee,6,Miami OH,11,0.7778166576384907,Tennessee,0.912014,Tennessee,0.8353479520802947,Tennessee,Tennessee,Tennessee,Tennessee,0.8417262057623817,Tennessee
2026_34,64,Virginia,3,Wright St.,14,0.938805915951755,Virginia,0.933997,Virginia,0.9289693903016982,Virginia,Virginia,Virginia,Virginia,0.9339240938917862,Virginia
2026_35,64,Kentucky,7,Santa Clara,10,0.550732547268233,Kentucky,0.51258385,Kentucky,0.5569397371240673,Kentucky,Kentucky,Santa Clara,Kentucky,0.5400853787355234,Kentucky
2026_36,64,Iowa St.,2,Tennessee St.,15,0.970299950964536,Iowa St.,0.983493,Iowa St.,0.9827602840937765,Iowa St.,Iowa St.,Iowa St.,Iowa St.,0.9788510685083088,Iowa St.
2026_37,32,Duke,1,Ohio St.,8,0.9030763769658685,Duke,0.95194244,Duke,0.7581784114147503,Duke,Duke,Duke,Duke,0.8710657440760917,Duke
2026_38,32,Duke,1,TCU,9,0.9046969740439579,Duke,0.9529689,Duke,0.8063556501565012,Duke,Duke,Duke,Duke,0.8880071732119307,Duke
2026_39,32,Kansas,4,St. John's,5,0.42141544922084234,St. John's,0.35883084,St. John's,0.4431309856414545,St. John's,St. John's,St. John's,St. John's,0.40779242475260663,St. John's
2026_40,32,Michigan St.,3,Louisville,6,0.6232732998843756,Michigan St.,0.60628694,Michigan St.,0.5636528678110964,Michigan St.,Michigan St.,Michigan St.,Michigan St.,0.5977377035514346,Michigan St.
2026_41,32,Michigan St.,3,South Florida,11,0.7276027348210043,Michigan St.,0.64797914,Michigan St.,0.6058486185944055,Michigan St.,Michigan St.,Michigan St.,Michigan St.,0.6604768312323624,Michigan St.
2026_42,32,Connecticut,2,UCLA,7,0.7997341557120246,Connecticut,0.8797068,Connecticut,0.6227488089361982,Connecticut,Connecticut,Connecticut,Connecticut,0.7673965882107336,Connecticut
2026_43,32,Connecticut,2,UCF,10,0.9028758884760361,Connecticut,0.95920837,Connecticut,0.7130999836626389,Connecticut,Connecticut,Connecticut,Connecticut,0.8583947471312471,Connecticut
2026_44,32,Florida,1,Clemson,8,0.8257777485537228,Florida,0.90435493,Florida,0.7544842818675622,Florida,Florida,Florida,Florida,0.828205653448432,Florida
2026_45,32,Florida,1,Iowa,9,0.7467241141273341,Florida,0.77497864,Florida,0.7227126812860784,Florida,Florida,Florida,Florida,0.7481384777029083,Florida
2026_46,32,Nebraska,4,Vanderbilt,5,0.3439019756753053,Vanderbilt,0.32211208,Vanderbilt,0.4972389193059618,Vanderbilt,Vanderbilt,Vanderbilt,Vanderbilt,0.3877509928054419,Vanderbilt
2026_47,32,Illinois,3,North Carolina,6,0.6604105836135805,Illinois,0.56281805,Illinois,0.618528355996912,Illinois,Illinois,Illinois,Illinois,0.6139189966650047,Illinois
2026_48,32,Illinois,3,VCU,11,0.7926518181167799,Illinois,0.818744,Illinois,0.6524949040119281,Illinois,Illinois,Illinois,Illinois,0.7546302419671479,Illinois
2026_49,32,Houston,2,Saint Mary's,7,0.7695926913759993,Houston,0.83789206,Houston,0.815423672402562,Houston,Houston,Houston,Houston,0.8076361397633454,Houston
2026_50,32,Houston,2,Texas A&M,10,0.9172303392345257,Houston,0.961195,Houston,0.790327423448859,Houston,Houston,Houston,Houston,0.8895842515829382,Houston
2026_51,32,Arizona,1,Villanova,8,0.9093868223314746,Arizona,0.942002,Arizona,0.7548252593030057,Arizona,Arizona,Arizona,Arizona,0.8687380266863367,Arizona
2026_52,32,Arizona,1,Utah St.,9,0.8682244544056091,Arizona,0.88572073,Arizona,0.7443669005356045,Arizona,Arizona,Arizona,Arizona,0.8327706949230316,Arizona
2026_53,32,Arkansas,4,Wisconsin,5,0.5417175877696424,Arkansas,0.5262378,Arkansas,0.6344889067572536,Arkansas,Arkansas,Arkansas,Arkansas,0.5674814267810295,Arkansas
2026_54,32,Gonzaga,3,BYU,6,0.6408442755569805,Gonzaga,0.8195846,Gonzaga,0.5884018670713577,Gonzaga,Gonzaga,Gonzaga,Gonzaga,0.6829435835687804,Gonzaga
2026_55,32,Gonzaga,3,North Carolina St.,11,0.7883537057415145,Gonzaga,0.87569606,Gonzaga,0.6549704365605359,Gonzaga,Gonzaga,Gonzaga,Gonzaga,0.7730067351145791,Gonzaga
2026_56,32,Gonzaga,3,Texas,11,0.7612075748443166,Gonzaga,0.8323636,Gonzaga,0.7322640478362553,Gonzaga,Gonzaga,Gonzaga,Gonzaga,0.7752784093932799,Gonzaga
2026_57,32,Purdue,2,Miami FL,7,0.7440244868090043,Purdue,0.71888065,Purdue,0.6793151427878458,Purdue,Purdue,Purdue,Purdue,0.7140734276593993,Purdue
2026_58,32,Purdue,2,Missouri,10,0.8708869112661496,Purdue,0.8558916,Purdue,0.7682243798677737,Purdue,Purdue,Purdue,Purdue,0.8316676254946533,Purdue
2026_59,32,Michigan,1,Georgia,8,0.8484096786603252,Michigan,0.9152436,Michigan,0.7268060441898929,Michigan,Michigan,Michigan,Michigan,0.8301531161636957,Michigan
2026_60,32,Michigan,1,Saint Louis,9,0.9369807843477352,Michigan,0.97598183,Michigan,0.8814998615459073,Michigan,Michigan,Michigan,Michigan,0.9314874924814136,Michigan
2026_61,32,Alabama,4,Texas Tech,5,0.5142146617798611,Alabama,0.5171924,Alabama,0.5305985681487454,Alabama,Alabama,Texas Tech,Alabama,0.5206685510907549,Alabama
2026_62,32,Virginia,3,Tennessee,6,0.5584597337947207,Virginia,0.547121,Virginia,0.4383792213270107,Tennessee,Virginia,Virginia,Tennessee,0.5146533144969064,Virginia
2026_63,32,Virginia,3,SMU,11,0.792691287175706,Virginia,0.86624783,Virginia,0.6876962632748379,Virginia,Virginia,Virginia,Virginia,0.7822117944085533,Virginia
2026_64,32,Virginia,3,Miami OH,11,0.8809224902870337,Virginia,0.9137944,Virginia,0.8492824003545387,Virginia,Virginia,Virginia,Virginia,0.8813330963164576,Virginia
2026_65,32,Iowa St.,2,Kentucky,7,0.7133300863296853,Iowa St.,0.7671055,Iowa St.,0.6296746576651835,Iowa St.,Iowa St.,Iowa St.,Iowa St.,0.7033700879221483,Iowa St.
2026_66,32,Iowa St.,2,Santa Clara,10,0.7910677861100097,Iowa St.,0.87861055,Iowa St.,0.7320165432198799,Iowa St.,Iowa St.,Iowa St.,Iowa St.,0.8005649602290529,Iowa St.
2026_67,16,Duke,1,Kansas,4,0.8558038641378364,Duke,0.9148332,Duke,0.8081532627680319,Duke,Duke,Duke,Duke,0.8595967716542713,Duke
2026_68,16,Duke,1,St. John's,5,0.739529578689922,Duke,0.80859846,Duke,0.6694821314974416,Duke,Duke,Duke,Duke,0.7392033896514336,Duke
2026_69,16,Florida,1,Nebraska,4,0.6443844457381537,Florida,0.6899199,Florida,0.6933593768659041,Florida,Florida,Florida,Florida,0.6758879038590978,Florida
2026_70,16,Florida,1,Vanderbilt,5,0.659583475856073,Florida,0.7836582,Florida,0.5810806341745534,Florida,Florida,Florida,Florida,0.6747741054978288,Florida
2026_71,16,Arizona,1,Arkansas,4,0.7771769465622744,Arizona,0.8523463,Arizona,0.6285494460909773,Arizona,Arizona,Arizona,Arizona,0.7526908979106827,Arizona
2026_72,16,Arizona,1,Wisconsin,5,0.8461370194460123,Arizona,0.87081915,Arizona,0.7289213549401342,Arizona,Arizona,Arizona,Arizona,0.8152925085958888,Arizona
2026_73,16,Michigan,1,Alabama,4,0.8016520813721554,Michigan,0.9203901,Michigan,0.6122474331597378,Michigan,Michigan,Michigan,Michigan,0.7780965478737496,Michigan
2026_74,16,Michigan,1,Texas Tech,5,0.8138766658222479,Michigan,0.8139349,Michigan,0.7374501457800882,Michigan,Michigan,Michigan,Michigan,0.7884205779402196,Michigan
