FEATURE,IMPORTANCE
KADJ EM_DIFF,0.10704724068004001
BADJ EM_DIFF,0.10379612232268275
WAB_DIFF,0.0907541430530132
TR RATING_DIFF,0.08414838891027569
BARTHAG_DIFF,0.07066359255851962
ELO_DIFF,0.060316225755202624
B POWER_DIFF,0.05171414500937169
KADJ D_DIFF,0.04896634707413777
TALENT_DIFF,0.03793224195334582
R SCORE_DIFF,0.037166825477428306
KADJ O_DIFF,0.03379423142519331
TOV%_DIFF,0.031577056082770956
OREB%_DIFF,0.030395997886985462
EFG%_DIFF,0.02961443560836752
TOV%D_DIFF,0.029284670529169575
EXP_DIFF,0.028703762358335317
EFG%D_DIFF,0.027228364720735653
SEED_DIFF,0.025973767125642613
DREB%_DIFF,0.024141495996996224
ELITE SOS_DIFF,0.024138435443514208
Q1 PLUS Q2 W_DIFF,0.022642510028271726
